DoctorID,FirstName,LastName,Specialty,PhoneNumber,Email
1,Garland,Myszka,Radiology,+1-303-260-4923,garland.myszka1@hopehospital.org
2,Kari,Puglielli,Gastroenterology,+1-303-986-5080,kari.puglielli2@hopehospital.org
3,Gretchen,Stasak,Oncology,+1-303-795-1971,gretchen.stasak3@hopehospital.org
4,Kristie,Sheer,Oncology,+1-303-904-6150,kristie.sheer4@hopehospital.org
5,Brenton,Mcgrone,Generalist,+1-303-475-5392,brenton.mcgrone5@hopehospital.org
6,Beatrice,Norten,Generalist,+1-303-194-1855,beatrice.norten6@hopehospital.org
7,Barney,Damario,Gastroenterology,+1-303-187-6866,barney.damario7@hopehospital.org
8,Kimberlee,Basket,Dermatology,+1-303-342-3157,kimberlee.basket8@hopehospital.org
9,Andre,Gruis,Cardiology,+1-303-502-6082,andre.gruis9@hopehospital.org
10,Taryn,Gollapudi,Generalist,+1-303-849-3868,taryn.gollapudi10@hopehospital.org
11,Maria,Mistele,Pediatrics,+1-303-718-4637,maria.mistele11@hopehospital.org
12,Lila,Lovgren,Dermatology,+1-303-826-7050,lila.lovgren12@hopehospital.org
13,Silas,Sellars,Generalist,+1-303-781-2534,silas.sellars13@hopehospital.org
14,Santos,Carrabine,Generalist,+1-303-202-2202,santos.carrabine14@hopehospital.org
15,Diane,Millane,Generalist,+1-303-791-5652,diane.millane15@hopehospital.org
16,Jake,Austria,Generalist,+1-303-661-4584,jake.austria16@hopehospital.org
17,Marley,Tollard,Psychiatry,+1-303-340-6425,marley.tollard17@hopehospital.org
18,Bette,Welscher,Radiology,+1-303-190-6387,bette.welscher18@hopehospital.org
19,Jasmine,Dobson,Neurology,+1-303-867-8967,jasmine.dobson19@hopehospital.org
20,Cynthia,Zabor,Psychiatry,+1-303-553-3558,cynthia.zabor20@hopehospital.org
21,Natalia,Window,Pediatrics,+1-303-105-6570,natalia.window21@hopehospital.org
22,Angelique,Handke,Dermatology,+1-303-563-6756,angelique.handke22@hopehospital.org
23,Osvaldo,Breeggemann,Cardiology,+1-303-235-1943,osvaldo.breeggemann23@hopehospital.org
24,Demetrius,Wuerdeman,Oncology,+1-303-729-8205,demetrius.wuerdeman24@hopehospital.org
25,Anderson,Burbach,Pediatrics,+1-303-467-9060,anderson.burbach25@hopehospital.org
26,Debora,Segar,Psychiatry,+1-303-709-9398,debora.segar26@hopehospital.org
27,Jerry,Klippenstein,Surgery,+1-303-323-6311,jerry.klippenstein27@hopehospital.org
28,Cameron,Golembieski,Generalist,+1-303-219-7464,cameron.golembieski28@hopehospital.org
29,Kira,Frykholm,Radiology,+1-303-179-1994,kira.frykholm29@hopehospital.org
30,Irwin,Kawa,Radiology,+1-303-125-8375,irwin.kawa30@hopehospital.org
31,Leonardo,Powles,Oncology,+1-303-934-9962,leonardo.powles31@hopehospital.org
32,Maxine,Turnock,Generalist,+1-303-152-3539,maxine.turnock32@hopehospital.org
33,Gavin,Ulland,Endocrinology,+1-303-108-7730,gavin.ulland33@hopehospital.org
34,Noelle,Stong,Oncology,+1-303-853-2323,noelle.stong34@hopehospital.org
35,Aaron,Lebeda,Generalist,+1-303-391-6388,aaron.lebeda35@hopehospital.org
36,Debra,Neustrom,Pediatrics,+1-303-795-9481,debra.neustrom36@hopehospital.org
37,Rick,Longstreet,Endocrinology,+1-303-321-1264,rick.longstreet37@hopehospital.org
38,Josue,Sipko,Generalist,+1-303-742-5568,josue.sipko38@hopehospital.org
39,Sheryl,Surfus,Dermatology,+1-303-759-8020,sheryl.surfus39@hopehospital.org
40,Skyler,Kerton,Radiology,+1-303-484-3714,skyler.kerton40@hopehospital.org
41,Barry,Kleiser,Generalist,+1-303-150-2996,barry.kleiser41@hopehospital.org
42,Gerardo,Laino,Generalist,+1-303-826-7546,gerardo.laino42@hopehospital.org
43,Destiny,Behenna,Pediatrics,+1-303-584-9943,destiny.behenna43@hopehospital.org
44,Sonia,Thorkildsen,Dermatology,+1-303-588-4512,sonia.thorkildsen44@hopehospital.org
45,Dallas,Gruver,Dermatology,+1-303-770-3628,dallas.gruver45@hopehospital.org
46,Rocky,Broady,Endocrinology,+1-303-363-1623,rocky.broady46@hopehospital.org
47,Tyrone,Serafica,Gastroenterology,+1-303-678-3450,tyrone.serafica47@hopehospital.org
48,Grant,Gekas,Psychiatry,+1-303-382-4772,grant.gekas48@hopehospital.org
49,Wilfred,Wornick,Dermatology,+1-303-184-4289,wilfred.wornick49@hopehospital.org
50,Homer,Babl,Gastroenterology,+1-303-840-2960,homer.babl50@hopehospital.org
51,Allison,Lenzner,Psychiatry,+1-303-355-9463,allison.lenzner51@hopehospital.org
52,Harrison,Ridge,Generalist,+1-303-501-8941,harrison.ridge52@hopehospital.org
53,Troy,Barile,Radiology,+1-303-619-1165,troy.barile53@hopehospital.org
54,Colten,Basnett,Gastroenterology,+1-303-563-7607,colten.basnett54@hopehospital.org
55,Jaime,Heung,Generalist,+1-303-372-6593,jaime.heung55@hopehospital.org
56,Jamal,Riveragonzalez,Generalist,+1-303-634-6015,jamal.riveragonzalez56@hopehospital.org
57,Wesley,Hicky,Generalist,+1-303-875-7778,wesley.hicky57@hopehospital.org
58,Garret,Slonecker,Pediatrics,+1-303-844-2665,garret.slonecker58@hopehospital.org
59,Doris,Virga,Gastroenterology,+1-303-890-1212,doris.virga59@hopehospital.org
60,Betsy,Gaunt,Pediatrics,+1-303-312-9804,betsy.gaunt60@hopehospital.org
61,Lexi,Pottberg,Psychiatry,+1-303-273-2595,lexi.pottberg61@hopehospital.org
62,Caden,Marconi,Psychiatry,+1-303-994-8653,caden.marconi62@hopehospital.org
63,Kassidy,Stanzel,Dermatology,+1-303-804-4662,kassidy.stanzel63@hopehospital.org
64,Claude,Schieble,Generalist,+1-303-193-8301,claude.schieble64@hopehospital.org
65,Sherry,Szczerba,Generalist,+1-303-363-2013,sherry.szczerba65@hopehospital.org
66,Sandra,Patricia,Dermatology,+1-303-621-1950,sandra.patricia66@hopehospital.org
67,Jewel,Laye,Neurology,+1-303-409-5082,jewel.laye67@hopehospital.org
68,Jane,Glickman,Psychiatry,+1-303-932-6357,jane.glickman68@hopehospital.org
69,Odell,Shaya,Gastroenterology,+1-303-909-9401,odell.shaya69@hopehospital.org
70,Morgan,Mufarreh,Generalist,+1-303-670-7904,morgan.mufarreh70@hopehospital.org
71,Archie,Buratti,Cardiology,+1-303-931-8218,archie.buratti71@hopehospital.org
72,Rene,Wanty,Pediatrics,+1-303-481-6575,rene.wanty72@hopehospital.org
73,Colt,Liggon,Radiology,+1-303-560-4282,colt.liggon73@hopehospital.org
74,Helena,Mathiowetz,Dermatology,+1-303-541-4535,helena.mathiowetz74@hopehospital.org
75,Maribel,Avise,Neurology,+1-303-981-2904,maribel.avise75@hopehospital.org
76,Skyler,Greenspon,Generalist,+1-303-675-8884,skyler.greenspon76@hopehospital.org
77,Kaiden,Mazzella,Oncology,+1-303-816-6696,kaiden.mazzella77@hopehospital.org
78,Josiah,Lindemann,Endocrinology,+1-303-681-1663,josiah.lindemann78@hopehospital.org
79,Kayden,Cand,Dermatology,+1-303-352-9433,kayden.cand79@hopehospital.org
80,Lauryn,Dettmering,Endocrinology,+1-303-566-8058,lauryn.dettmering80@hopehospital.org
81,Ezekiel,Laurine,Oncology,+1-303-133-7884,ezekiel.laurine81@hopehospital.org
82,Jaden,Bazata,Surgery,+1-303-508-4500,jaden.bazata82@hopehospital.org
83,Julianna,Slezak,Generalist,+1-303-473-4381,julianna.slezak83@hopehospital.org
84,Darrel,Clemons,Radiology,+1-303-352-7524,darrel.clemons84@hopehospital.org
85,Roy,Kopel,Dermatology,+1-303-512-9082,roy.kopel85@hopehospital.org
86,Eleanor,Graulich,Generalist,+1-303-666-5533,eleanor.graulich86@hopehospital.org
